<?xml version="1.0" encoding="UTF-8"?>
<!--
/*
###############################################################################
# If you use PhysiCell in your project, please cite PhysiCell and the version #
# number, such as below:                                                      #
#                                                                             #
# We implemented and solved the model using PhysiCell (Version x.y.z) [1].    #
#                                                                             #
# [1] A Ghaffarizadeh, R Heiland, SH Friedman, SM Mumenthaler, and P Macklin, #
#     PhysiCell: an Open Source Physics-Based Cell Simulator for Multicellu-  #
#     lar Systems, PLoS Comput. Biol. 14(2): e1005991, 2018                   #
#     DOI: 10.1371/journal.pcbi.1005991                                       #
#                                                                             #
# See VERSION.txt or call get_PhysiCell_version() to get the current version  #
#     x.y.z. Call display_citations() to get detailed information on all cite-#
#     able software used in your PhysiCell application.                       #
#                                                                             #
# Because PhysiCell extensively uses BioFVM, we suggest you also cite BioFVM  #
#     as below:                                                               #
#                                                                             #
# We implemented and solved the model using PhysiCell (Version x.y.z) [1],    #
# with BioFVM [2] to solve the transport equations.                           #
#                                                                             #
# [1] A Ghaffarizadeh, R Heiland, SH Friedman, SM Mumenthaler, and P Macklin, #
#     PhysiCell: an Open Source Physics-Based Cell Simulator for Multicellu-  #
#     lar Systems, PLoS Comput. Biol. 14(2): e1005991, 2018                   #
#     DOI: 10.1371/journal.pcbi.1005991                                       #
#                                                                             #
# [2] A Ghaffarizadeh, SH Friedman, and P Macklin, BioFVM: an efficient para- #
#     llelized diffusive transport solver for 3-D biological simulations,     #
#     Bioinformatics 32(8): 1256-8, 2016. DOI: 10.1093/bioinformatics/btv730  #
#                                                                             #
###############################################################################
#                                                                             #
# BSD 3-Clause License (see https://opensource.org/licenses/BSD-3-Clause)     #
#                                                                             #
# Copyright (c) 2015-2018, Paul Macklin and the PhysiCell Project             #
# All rights reserved.                                                        #
#                                                                             #
# Redistribution and use in source and binary forms, with or without          #
# modification, are permitted provided that the following conditions are met: #
#                                                                             #
# 1. Redistributions of source code must retain the above copyright notice,   #
# this list of conditions and the following disclaimer.                       #
#                                                                             #
# 2. Redistributions in binary form must reproduce the above copyright        #
# notice, this list of conditions and the following disclaimer in the         #
# documentation and/or other materials provided with the distribution.        #
#                                                                             #
# 3. Neither the name of the copyright holder nor the names of its            #
# contributors may be used to endorse or promote products derived from this   #
# software without specific prior written permission.                         #
#                                                                             #
# THIS SOFTWARE IS PROVIDED BY THE COPYRIGHT HOLDERS AND CONTRIBUTORS "AS IS" #
# AND ANY EXPRESS OR IMPLIED WARRANTIES, INCLUDING, BUT NOT LIMITED TO, THE   #
# IMPLIED WARRANTIES OF MERCHANTABILITY AND FITNESS FOR A PARTICULAR PURPOSE  #
# ARE DISCLAIMED. IN NO EVENT SHALL THE COPYRIGHT HOLDER OR CONTRIBUTORS BE   #
# LIABLE FOR ANY DIRECT, INDIRECT, INCIDENTAL, SPECIAL, EXEMPLARY, OR         #
# CONSEQUENTIAL DAMAGES (INCLUDING, BUT NOT LIMITED TO, PROCUREMENT OF        #
# SUBSTITUTE GOODS OR SERVICES; LOSS OF USE, DATA, OR PROFITS; OR BUSINESS    #
# INTERRUPTION) HOWEVER CAUSED AND ON ANY THEORY OF LIABILITY, WHETHER IN     #
# CONTRACT, STRICT LIABILITY, OR TORT (INCLUDING NEGLIGENCE OR OTHERWISE)     #
# ARISING IN ANY WAY OUT OF THE USE OF THIS SOFTWARE, EVEN IF ADVISED OF THE  #
# POSSIBILITY OF SUCH DAMAGE.                                                 #
#                                                                             #
###############################################################################
*/
--> 

<!--
<user_details />
-->

<PhysiCell_settings version="devel-version">
	<domain>
		<x_min>-750</x_min>
		<x_max>750</x_max>
		<y_min>-750</y_min>
		<y_max>750</y_max>
		<z_min>-750</z_min>
		<z_max>750</z_max>
		<dx>20</dx>
		<dy>20</dy>
		<dz>20</dz>
		<use_2D>false</use_2D>
	</domain>
	
	<overall>
		<max_time units="min">30240</max_time> <!-- 21 days * 24 h * 60 min -->
		<time_units>min</time_units>
		<space_units>micron</space_units>
	</overall>
	
	<parallel>
		<omp_num_threads>8</omp_num_threads>
	</parallel> 
	
	<save>
		<folder>output</folder> <!-- use . for root --> 

		<full_data>
			<interval units="min">360</interval>
			<enable>true</enable>
		</full_data>
		
		<SVG>
			<interval units="min">60</interval>
			<enable>true</enable>
		</SVG>
		
		<legacy_data>
			<enable>false</enable>
		</legacy_data>
	</save>
	
	<microenvironment_setup>
		<variable name="oxygen" units="mmHg" ID="0">
			<physical_parameter_set>
				<diffusion_coefficient units="micron^2/min">100000</diffusion_coefficient>
				<decay_rate units="1/min">0.1</decay_rate>  
			</physical_parameter_set>
			<initial_condition units="mmHg">38</initial_condition>
			<Dirichlet_boundary_condition units="mmHg" enabled="true">38</Dirichlet_boundary_condition>
		</variable>
		
		<variable name="immunostimulatory factor" units="dimensionless" ID="1">
			<physical_parameter_set>
				<diffusion_coefficient units="micron^2/min">1000</diffusion_coefficient>
				<decay_rate units="1/min">0.016</decay_rate>  
			</physical_parameter_set>
			<initial_condition units="dimensionless">0</initial_condition>
			<Dirichlet_boundary_condition units="dimensionless" enabled="false">0</Dirichlet_boundary_condition>
		</variable>		
	
		<options>
			<calculate_gradients>true</calculate_gradients>
			<track_internalized_substrates_in_each_agent>false</track_internalized_substrates_in_each_agent>
			<!-- not yet supported --> 
			<initial_condition type="matlab" enabled="false">
				<filename>./config/initial.mat</filename>
			</initial_condition>
			<!-- not yet supported --> 
			<dirichlet_nodes type="matlab" enabled="false">
				<filename>./config/dirichlet.mat</filename>
			</dirichlet_nodes>
		</options>
	</microenvironment_setup>		
	
	<user_parameters>
		<random_seed type="int" units="dimensionless">0</random_seed> 

		<!-- main --> 
		<immune_activation_time type="double" units="min">360</immune_activation_time>
			<!-- activate in 7 days --> 
		<save_interval_after_therapy_start type="double" units="min">3.0</save_interval_after_therapy_start>
		
		<!-- immune cell properties --> 
		<immune_o2_relative_uptake type="double" units="dimensionless">0.1</immune_o2_relative_uptake>
		<immune_apoptosis_rate type="double" units="1/min">6.944e-5</immune_apoptosis_rate> 
			<!-- 10 day survival time --> 
		<immune_motility_persistence_time type="double" units="min">10</immune_motility_persistence_time>
		<immune_migration_speed type="double" units="micron/min">1.0</immune_migration_speed>
		<immune_migration_bias type="double" units="dimensionless">0.5</immune_migration_bias>
		<immune_relative_adhesion type="double" units="dimensionless">0</immune_relative_adhesion>
		<immune_relative_repulsion type="double" units="dimensionless">5</immune_relative_repulsion> 	
		
		<!-- some extra immune parameters --> 
		<immune_kill_rate type="double" units="1/min">0.06667</immune_kill_rate> <!-- 15 min--> 
		<immune_attachment_lifetime type="double" units="min">60.0</immune_attachment_lifetime> 
		<immune_attachment_rate type="double" units="1/min">0.2</immune_attachment_rate> <!-- 5 min--> 

		<elastic_coefficient type="double" units="1/min">0.01</elastic_coefficient>		

		<!-- immune seeding parameters --> 
		
		<number_of_immune_cells type="int" units="dimensionless">7500</number_of_immune_cells> 
		<initial_min_immune_distance_from_tumor type="double" units="micron">30</initial_min_immune_distance_from_tumor>
		<thickness_of_immune_seeding_region type="double" units="micron">75</thickness_of_immune_seeding_region>
		
		<!-- tissue setup -->
		<tumor_radius type="double" units="micron">250</tumor_radius> 
		<tumor_mean_immunogenicity type="double" units="dimensionless">1.0</tumor_mean_immunogenicity>
		<tumor_immunogenicity_standard_deviation type="double" units="dimensionless">0.25</tumor_immunogenicity_standard_deviation>
		
		<!-- some attachment parameters --> 
		<oncoprotein_saturation type="double" units="dimensionless">2.0</oncoprotein_saturation>
			<!-- above this value, more oncoprotein doesn't make cells any further immunogenic -->
		<oncoprotein_threshold type="double" units="dimensionless">0.5</oncoprotein_threshold>
			<!-- below this vlaue, cells are not immunogenic --> 
		<max_attachment_distance type="double" units="micron">18.0</max_attachment_distance>
			<!-- cells do not remain attached beyond this distance --> 
		<min_attachment_distance type="double" units="micron">14.0</min_attachment_distance>
			<!-- analogous ot resting spring length --> 

		
	</user_parameters>
	
</PhysiCell_settings>
